GROUP,PACKAGE,CLASS,INSTRUCTION_MISSED,INSTRUCTION_COVERED,BRANCH_MISSED,BRANCH_COVERED,LINE_MISSED,LINE_COVERED,COMPLEXITY_MISSED,COMPLEXITY_COVERED,METHOD_MISSED,METHOD_COVERED
ims,com.qa.ims.exceptions,OrderNotFoundException,3,0,0,0,1,0,1,0,1,0
ims,com.qa.ims.exceptions,CustomerNotFoundException,3,0,0,0,1,0,1,0,1,0
ims,com.qa.ims.exceptions,ItemNotFoundException,3,0,0,0,1,0,1,0,1,0
ims,com.qa.ims.controller,ItemController,0,112,0,2,0,29,0,7,0,6
ims,com.qa.ims.controller,Action,119,0,4,0,19,0,7,0,5,0
ims,com.qa.ims.controller,CustomerController,0,109,0,2,0,29,0,7,0,6
ims,com.qa.ims.controller,OrderController,50,342,0,20,8,81,2,19,2,9
ims,com.qa.ims,IMS,149,0,17,0,48,0,18,0,6,0
ims,com.qa.ims,Runner,16,0,0,0,6,0,3,0,3,0
ims,com.qa.ims.persistence.dao,OrderItemsDAO,0,251,0,0,0,71,0,10,0,10
ims,com.qa.ims.persistence.dao,CustomerDAO,0,233,0,2,0,70,0,10,0,9
ims,com.qa.ims.persistence.dao,OrderDAO,0,345,0,4,0,97,0,18,0,16
ims,com.qa.ims.persistence.dao,ItemDAO,0,236,0,2,0,67,0,10,0,9
ims,com.qa.ims.utils,DBUtils,11,167,1,3,4,38,1,13,0,12
ims,com.qa.ims.utils,Utils,50,12,4,0,22,4,6,2,4,2
ims,com.qa.ims.persistence.domain,Order,0,360,0,70,0,83,0,45,0,10
ims,com.qa.ims.persistence.domain,Domain,105,0,2,0,17,0,6,0,5,0
ims,com.qa.ims.persistence.domain,Item,0,183,0,30,0,48,0,26,0,11
ims,com.qa.ims.persistence.domain,Customer,0,176,0,30,0,48,0,26,0,11
ims,com.qa.ims.persistence.domain,OrderItems,0,232,0,38,0,63,0,33,0,14
